,ts_momentum,ts_mean_reversion,ts_seasonality,ts_regime_adaptive,xs_momentum,xs_mean_reversion,xs_seasonality,xs_residual_momentum
AARTIIND,,,,,0.5892378382637516,-0.627599345354032,-0.29138263583596946,-0.347115043635587
ABB,,,,,-0.36946990306591837,-0.4482328206730366,-0.06290570383014284,-0.07345989966448352
ABBOTINDIA,,,,,-0.12950188687052733,0.5980960964680373,0.9517804295985615,-1.8830727488089982
ABCAPITAL,,,,,0.13506316940304283,2.4585539401363152,1.1169195647000891,-0.7753906689294738
ABFRL,,,,,-1.2008198344069785,0.8322572438220824,-1.9328037996889325,-0.7683493019804584
ACC,,,,,-0.06818374578497567,-0.3310874495967503,-2.1432680394140164,-0.3894157310805318
ADANIENT,,,,,0.12461001949478527,-0.629500203924001,-0.19873267316867618,-0.3606535450663627
ADANIPORTS,,,,,0.39715529564278607,0.1421816871790422,-0.31660485787808884,-0.5041284407284082
ALKEM,,,,,2.2879507086715467,-2.5312734944281727,-0.7276040343618172,2.0198105961297936
AMARAJABAT,,,,,-6.212427033699978,-8.054684515807253,-8.962534565473234,-1.8774841352991107
AMBUJACEM,,,,,0.8549750792014115,-0.19388690052278842,0.568945948818237,0.10307346352780343
APLLTD,,,,,-6.85890171696708,-7.482118070239224,-11.603417227565826,
APOLLOHOSP,,,,,0.1635169662263463,1.3549261749839,0.2282885596049521,-0.3017346960022007
APOLLOTYRE,,,,,1.3490914042276878,0.25919636376368244,0.4454836351698016,1.569074264100319
ASHOKLEY,,,,,0.19169553790735175,0.21861280489999427,1.4469561716914365,-0.09044684674760181
ASIANPAINT,,,,,0.06230480791758942,0.9181762993394321,-1.3467654169153824,0.10330153881592616
ASTRAL,,,,,0.30407856285995594,-0.62215699996395,0.24852251693637786,-1.303054176979286
ATUL,,,,,0.028573041001936868,1.39034577550328,-0.9368536280550289,-0.7857620682023212
AUBANK,,,,,-1.0331040130539968,1.1954795465195598,-0.8573411835710248,-0.7410672999071483
AUROPHARMA,,,,,1.6951978284800904,-1.078731103903233,0.5850267255902528,2.7990130683203147
AXISBANK,,,,,-0.9107679759580635,0.4617699782222322,0.45621779313149474,-0.2830405612713102
BAJAJ-AUTO,,,,,0.6513986494704666,-0.7741869345397215,0.9312226332377332,1.4491702905060395
BAJAJFINSV,,,,,-0.675107782651053,1.4519743938048453,0.15297970070596328,-0.9931083035336807
BAJFINANCE,,,,,-0.05697933534915458,0.9648980212270211,-0.6684298870686806,-0.7620762241223202
BALKRISIND,,,,,-1.1196225974463119,1.1278638337235272,1.6599273673940034,-1.5659500054883035
BALRAMCHIN,,,,,0.07768630227676634,-0.24731903064861185,-1.1342281578777262,-1.0933956780828957
BANDHANBNK,,,,,0.20729558564672085,-0.8506047933655457,-0.5143509608452073,-1.2930024359430068
BANKBARODA,,,,,-0.8131862973973231,0.10021107996837225,-0.25343651018730806,-1.2544358701794223
BANKNIFTY,-1.1752718109457354,-0.8005413241650341,0.2106450716402673,-1.7666275059168277,,,,
BATAINDIA,,,,,-0.8326108442020171,1.4317106591284186,-0.487425848927167,0.4876765748878708
BEL,,,,,0.7259985750643966,-1.0189303767821916,0.30167083017550284,0.285094453245643
BERGEPAINT,,,,,-0.6002130146379602,1.4301049732261697,-0.9212173980916415,1.12857451785224
BHARATFORG,,,,,0.41140061773383635,-0.7506421332371965,-0.4412983210358284,0.009794159512847175
BHARTIARTL,,,,,-1.9785697704406522,1.7009840154846618,-1.5412147339194264,-1.0168400463098215
BHEL,,,,,0.8589985578683288,-0.7907828818796891,0.3648930217106708,1.5906243865034633
BIOCON,,,,,0.19856661672285814,1.3603212876643216,0.17773364862709987,0.21234313166731977
BOSCHLTD,,,,,-1.1587700942129904,-1.0797248336765095,-0.4400923423594535,-0.6266923605464176
BPCL,,,,,0.970406106639008,-0.7762756426197597,-1.1921027868133853,1.752894041076909
BRITANNIA,,,,,0.5577834597771058,-1.639290329813309,-1.1276985678375353,0.1622968311409316
BSOFT,,,,,2.1156898605844017,-2.381926486057825,0.01760774800035364,1.1040785734170901
CADILAHC,,,,,-5.826364690928425,-8.787014432460303,-27.421247436941076,
CANBK,,,,,-1.4956983997696658,-0.01583806670102493,-0.11487573619328244,-1.6515199092146313
CANFINHOME,,,,,0.4782366790436357,-0.018705780421728095,0.26045579094274807,-0.14975633260307172
CHAMBLFERT,,,,,-0.669572458656004,0.5686672812198427,-0.5396198882309485,-1.0265835201686424
CHOLAFIN,,,,,1.4852482322526424,-1.0302395606439987,0.6473082921262074,1.1600870103706324
CIPLA,,,,,0.3717457928863217,0.6553438064463208,-0.010376741977362542,0.10970787367303783
COALINDIA,,,,,0.056802712472292606,-0.4539230758368009,0.7550351610703482,0.3304911257034974
COFORGE,,,,,1.3854936195007543,-1.1316612752342605,0.6568560401578144,-1.2469272123462722
COLPAL,,,,,0.8004275135835001,-0.12229824039802492,0.10323726698878187,0.17919495510362138
CONCOR,,,,,-0.16921701775418935,0.6197523463618493,0.49844698154483774,0.14517162853136498
COROMANDEL,,,,,-1.4632652579737297,1.7120206906390951,-0.9369780985744578,-2.647545046823513
CROMPTON,,,,,-0.8052924374899814,2.1900354184117194,0.4128888055854698,-1.3374203222670633
CUB,,,,,-0.3304738378743425,0.1188814307555705,0.005161120871743824,0.48563373944275684
CUMMINSIND,,,,,0.8199399785547032,0.8752683178540568,0.5405409576564892,0.6933141865927072
DABUR,,,,,-1.904686209350131,1.1845252977678824,-0.5219060648264804,-0.7798927076877183
DALBHARAT,,,,,0.2630012048086538,-1.253433602877961,-0.5745063986567375,1.0588389212088438
DEEPAKNTR,,,,,-0.11361601352741652,-0.5197000971884488,-0.6443061254127684,0.12481201383654277
DELTACORP,,,,,0.926017630614922,1.53572313598203,-0.14113968235942265,0.5518174872783836
DIVISLAB,,,,,-0.6839738271550887,-0.35600643282804156,-0.5710660915520092,-0.3923190675789417
DIXON,,,,,2.029367989625511,-0.9412942195153745,-0.33839007439601654,2.3012774842890305
DLF,,,,,1.269420446309357,-0.8674625224538787,1.4645039177854964,1.1588667981231717
DRREDDY,,,,,0.9853614091766046,-0.19606645809144493,0.220944743954574,-0.5479583910071363
EICHERMOT,,,,,0.9566270206046477,1.1113815279661858,-0.9867671930685988,-1.108369354289325
ESCORTS,,,,,1.0409080271714604,-0.345523087255449,0.9321135967500872,1.1792853459536
EXIDEIND,,,,,-1.244043743259939,0.2182301672212459,0.9125996367935099,0.7077414458568786
FEDERALBNK,,,,,-1.7954079796988531,1.1007022744325954,-0.33065130057514497,-0.7942878268261903
FINNIFTY,-0.32420113968520003,-1.2977040158287731,0.579262027938604,-1.4409976854415085,,,,
FSL,,,,,0.3007737208432701,0.08913320045114807,-1.0831388932856234,0.1228239247585123
GAIL,,,,,-0.3863016744932672,0.27024149565483235,0.35114573748845745,-0.1863794984849841
GLENMARK,,,,,0.0515359922353578,0.574257630534676,0.8109116922106511,0.009351962113804037
GMRINFRA,,,,,1.414470555327836,-1.3051134738616892,1.9597117400754496,2.216256237441095
GNFC,,,,,-1.743668725515654,1.3271307657795681,0.06981882033691532,-2.285353447019203
GODREJCP,,,,,-1.0410370561027371,0.9199066975884955,-0.2144008256835953,-0.02520508030087834
GODREJPROP,,,,,-0.19990255588665123,-0.8584704396870494,-0.06851653120009132,-1.02427136377292
GRANULES,,,,,-0.3356086893509019,0.0763771389401962,-0.3375121442196213,-0.997761499470121
GRASIM,,,,,0.38408201562575106,1.2690710783818677,1.691427047755191,-1.7003135816949524
GSPL,,,,,-6.2321299309163845,-8.134245832924977,-18.459088280542087,-1.7566492778786462
GUJGASLTD,,,,,0.5001164791435034,1.3257843065587096,-3.0004174979939804,-0.4631666524847403
HAL,,,,,2.238240169311462,-1.1340369545265225,2.5120479361312587,1.9151024045335103
HAVELLS,,,,,-2.477349829054122,1.5787049264182302,0.7498151251187566,-2.5604304986167628
HCLTECH,,,,,0.4855608799145736,-0.05413740813207857,-0.9570745949891434,-1.5220002784940119
HDFC,,,,,-1.088556519282004,0.9922964667071181,1.3647100596374324,-2.3709097217972883
HDFCAMC,,,,,-0.02795114472708947,0.3883974168262507,-1.6484451589212812,-0.2782895613328106
HDFCBANK,,,,,-1.09491482903122,0.6339631829595966,-0.002392691964338777,-1.4295670695008023
HDFCLIFE,,,,,0.4637571694847715,1.6163648172348075,0.616319855270937,-0.09475980286540298
HEROMOTOCO,,,,,0.026286410091470758,0.014161149414486958,-0.9621800452902269,-0.17318923420929597
HINDALCO,,,,,0.4513896842150096,0.9037042206643416,-0.803385534910036,-0.7393545204371083
HINDCOPPER,,,,,1.8517836290674399,-1.4043312842544236,-0.13308749311824478,1.4025062684379048
HINDPETRO,,,,,0.5867026905829198,-0.13818764511073123,-0.6265793174155132,0.8271512489024654
HINDUNILVR,,,,,-1.873076181668288,0.2772081670069102,-0.411468180478888,-0.3490450119582017
HONAUT,,,,,0.961247609067059,0.28994814614259434,0.2918605512644996,0.04820924958490087
IBULHSGFIN,,,,,1.6728045993216512,-0.20363291818347865,-0.9093028454331806,0.21462369115282212
ICICIBANK,,,,,-1.0284635625565646,0.29939061543676926,-0.06517651278319116,0.7878681602297031
ICICIGI,,,,,-0.04582728079506393,1.2957818832393713,0.02773915972391124,-0.02230328633030723
ICICIPRULI,,,,,-0.5309322480593892,-0.6871735478138431,1.330837643412475,-2.3279644121286074
IDEA,,,,,-1.1808321418869436,-0.4138682944814774,-0.8565140855628521,-0.8023389166699023
IDFC,,,,,-0.19837928540729796,0.8492173510895986,1.8085039865330133,0.3154679450976162
IDFCFIRSTB,,,,,0.5584113296546869,1.0823309567280763,1.7979764832726286,0.138074849848301
IEX,,,,,-0.7088116719591877,-0.4710850455079438,-0.4505582721146964,-0.039635790089714
IGL,,,,,-0.34807042918331665,0.35810211678980974,-2.969955863538188,-0.39203044155988837
INDHOTEL,,,,,-1.1304396891783595,0.8964178863827613,-0.24148171474315563,-0.4984957288337829
INDIACEM,,,,,-0.23371373955804292,1.0185367806794872,-1.1919200978435922,-0.520936511609935
INDIAMART,,,,,0.39869550563925393,1.3087175697936675,-0.5793232440718428,0.2998897716199161
INDIGO,,,,,0.898337139911679,-0.02574316563187845,-0.6562969000606856,0.918808277534478
INDUSINDBK,,,,,-1.2865632765445123,-0.08085992135863675,-1.8205299232221321,-1.5209561493719106
INDUSTOWER,,,,,-2.2950385580075636,0.5831632269494198,-0.4773571622444352,-2.1807689269138026
INFY,,,,,1.4654136804854185,-0.02362421386880165,0.37517523976165423,-0.16626775385681514
INTELLECT,,,,,0.12774633894872134,0.35120404406489636,-1.2459903180034226,0.13549336835398282
IOC,,,,,1.61260208592002,0.4640553949926727,0.978186919051545,0.9427183897994071
IPCALAB,,,,,0.737833546282439,0.17875660926212106,-0.5650544905928752,1.2353500925961307
IRCTC,,,,,-0.1616578067743745,-0.2636310432197842,-0.897045015485414,-1.1836960943740675
ITC,,,,,0.6318441575420716,1.0450297418005001,-0.8809917852048955,0.7648332467365855
JINDALSTEL,,,,,-0.4103350707028184,1.2902855120960266,-1.4335642326866584,-0.6397370187251001
JKCEMENT,,,,,0.01220550580955356,0.8898171111770931,-0.379009251623153,-1.0643356903706014
JSWSTEEL,,,,,-1.0097193537250748,-0.4537796590707481,-1.034984826245866,-0.7199280216997735
JUBLFOOD,,,,,-1.2402992995077873,3.0921981326840506,-0.4102708190549975,0.45735249938931827
KOTAKBANK,,,,,-0.4641081518413569,-0.040107787476473596,-0.7882141471629351,-0.34717286260247604
L&TFH,,,,,1.0031829036485724,-0.17687840446969744,-0.38314881157465536,-0.2531665859128844
LALPATHLAB,,,,,-0.6398612463964466,0.11575192023496654,-0.6625721047247876,-0.2972309299951826
LAURUSLABS,,,,,-1.1898223400591434,0.966270524340555,-0.9736878867821461,-0.9189732323651651
LICHSGFIN,,,,,-0.6156776679572883,-0.5715430491424599,0.19371503468081996,-1.2501618369085912
LT,,,,,-0.8602683044068032,0.621841999347637,1.1016749101981311,-0.019161275080855546
LTI,,,,,-6.2321299309163845,-8.134245832924977,-9.764626572134297,-2.7014761178816196
LTIM,,,,,-0.11391770321320376,-0.03266549123861329,-1.4050302197845528,-0.7235387023216943
LTTS,,,,,0.283828945400906,0.21224359159973022,-1.421868131815378,-1.5599344279105136
LUPIN,,,,,0.6759355295777755,-0.7385871602389272,0.7748783042949383,1.1109905604414556
M&M,,,,,0.34909530377338693,0.24366788966597194,0.7675436480926953,-1.3920719426690016
M&MFIN,,,,,0.0044475940662197086,0.3261320422660217,0.19680255800799362,-0.8525635762859343
MANAPPURAM,,,,,-0.36066643556997435,0.4674667700062385,0.6471122918983303,-1.357460491408268
MARICO,,,,,-1.913393891488115,2.4951914670091018,-0.09574510813563061,-0.6592952351845829
MARUTI,,,,,-0.9380026023962207,-0.9015173985355812,-0.18454356413340278,-0.33681770105796016
MCDOWELL-N,,,,,0.3899119343618151,-0.1651268851215122,-1.1353093966383059,0.4211312404543078
MCX,,,,,1.3443360039450278,-1.2646831991268945,0.8148717699704053,0.8027649367462589
METROPOLIS,,,,,-2.1137812126749,-0.042828205250445055,0.16758401218145036,-0.9985495668973423
MFSL,,,,,0.5094709066664482,0.03102535956760173,-0.4605870484907857,-0.8932890974028794
MGL,,,,,-1.4016404756818663,1.2489343979914016,-0.6688376270043819,-1.2488325685995127
MIDCPNIFTY,2.4633599170082214,-1.0452831389876212,-0.19829747534437311,-0.6407062038257457,,,,
MINDTREE,,,,,-6.2321299309163845,-8.134245832924977,-9.849897987868694,-1.4313679972499025
MOTHERSON,,,,,-0.02070867113364857,-1.440119942801614,0.26331294596338206,-2.0302841393729834
MOTHERSUMI,,,,,-5.9317426811224605,-9.016723927778465,-16.06045272887412,
MPHASIS,,,,,0.9517550422981638,-0.04536134596328323,-0.7675734525965163,-0.36737972669164903
MRF,,,,,0.039268197163069674,0.7698165724885154,0.7177523799747397,-0.5318318729478243
MUTHOOTFIN,,,,,0.11505513331653924,0.3516134931225423,-1.2041055329223531,0.14477450778157525
NATIONALUM,,,,,-1.4566953901100301,0.24050414525419508,-0.6294097544844031,-0.9354884145413611
NAUKRI,,,,,0.4424194771200922,0.6881587005917345,-0.5801803148481829,-0.6597572147430415
NAVINFLUOR,,,,,1.7988911754022328,0.5206436611935539,-1.2476635670163916,0.4404741475552557
NBCC,,,,,-6.85890171696708,-7.482118070239224,-8.963959017824545,
NESTLEIND,,,,,-0.5926064635162271,0.41553110078328315,-0.5512077206129619,-0.3114353186337963
NIFTY,1.76478537200351,-0.29926472707957613,0.2559132315680234,-1.5896189277888637,,,,
NMDC,,,,,1.8371860637931132,-0.10977057131535882,-1.5647207465763084,1.8617212768558995
NTPC,,,,,1.2968687407613948,-0.21088342098910876,-0.6420029043873681,1.7045882914420083
OBEROIRLTY,,,,,0.3176194328170821,-0.029835192712685317,-1.3715109988410337,1.3170832059880322
OFSS,,,,,-1.174444015694327,2.7234685604902897,0.39415511138673426,-0.11199137181379236
ONGC,,,,,-0.6909848561860581,1.3006654998422607,0.5989968943001326,-1.5204558392280279
PAGEIND,,,,,0.8983027516059269,-0.36531858973022385,-1.4503709902995694,-0.4752768739113513
PEL,,,,,-0.6045755175951568,-0.301380793647284,-1.0134841552815947,-0.6494688882743369
PERSISTENT,,,,,1.2867671962252367,-0.648370098390892,0.6599858006566988,1.527378516189682
PETRONET,,,,,-0.2055193462240209,0.38753116163424406,0.5033176963905007,-1.2450998970457607
PFC,,,,,1.4177063289954654,-0.9081439863107373,1.6722737941166033,1.2361984498851333
PFIZER,,,,,-5.9317426811224605,-9.016723927778465,-3.2676079641191564,
PIDILITIND,,,,,0.25548508408362286,1.5963979090890386,-2.813702984965142,0.882656748930157
PIIND,,,,,-0.5149980442083263,-0.42225608071665066,0.32319181320127144,-1.1380266063367137
PNB,,,,,-0.7503094602940875,-2.149216553155398,1.4231507519828401,-0.19049195662906435
POLYCAB,,,,,0.7840973937346811,-0.880961903696027,-0.6300328196188848,1.0150398562361993
POWERGRID,,,,,-1.749013260190727,2.181549228184754,0.954535763982341,0.8146493257375201
PVR,,,,,0.22920969450737852,0.5436937269913796,1.2400139815514706,-0.0010949619699828163
PVRINOX,,,,,-0.09543753470628305,-2.0404756782034092,-0.7937919429313882,0.4386558863039706
RAIN,,,,,-2.100826674309864,-0.18351099505505528,-1.7351761271841823,-0.8575281582992246
RAMCOCEM,,,,,0.2818823103456121,-1.32177964397751,0.3026572951050797,0.6195158824327917
RBLBANK,,,,,-0.9464844231892631,-1.9516064719969166,0.0769485436960246,-1.6204152356177843
RECLTD,,,,,2.310159922946997,-0.7771796359815183,2.6707874376298384,2.1961578893775586
RELIANCE,,,,,-0.4267008185668029,1.1147015020889994,0.14644721097098956,-0.44508351902405385
SAIL,,,,,-0.6015401998856585,0.909245425505165,-0.7863596083956921,0.6446798900058507
SBICARD,,,,,-0.35313782460045673,0.38184436380022246,-0.0892126805582023,-0.8213457491420543
SBILIFE,,,,,-1.522682287829415,0.4736366025298316,0.3035460975698632,-1.9248348602400287
SBIN,,,,,-0.8532505437506799,-0.6498176901227614,0.05262511143544458,-1.080607699159436
SHREECEM,,,,,-0.36689659042716055,0.05722715864674277,-0.060019876802748,-1.9352120190993098
SHRIRAMFIN,,,,,0.11391370642714808,1.9240438595505507,1.2017855448444739,0.3165186408526898
SIEMENS,,,,,-1.2400142827410847,0.39426080497744903,-0.09842027461454515,0.6629417373819385
SRF,,,,,1.268099724621699,-0.46190976971081993,-0.287533485504402,0.39130405008466956
SRTRANSFIN,,,,,-6.641251651229074,-8.134245832924977,-18.66723651054419,-3.0807192585943017
STAR,,,,,-6.85890171696708,-7.482118070239224,-18.698494596839073,
SUNPHARMA,,,,,0.37020234002942354,1.1872392790348276,-0.7856758646331153,0.23217466177305854
SUNTV,,,,,-0.3206250845574034,-0.595264942283588,2.5209528045056877,0.7032989045537895
SYNGENE,,,,,0.6770522737021913,0.6386694238143288,1.8355252805520919,1.237473727345538
TATACHEM,,,,,-2.3720201691040863,1.0646173763273292,0.031070486963183076,-2.8024686171379662
TATACOMM,,,,,-0.23640489045786728,-0.7626130201546402,-0.04113279191357092,0.10007376762163347
TATACONSUM,,,,,-1.160726627781697,-0.9235951115673074,-1.335175459310777,0.19996932418350485
TATAMOTORS,,,,,0.3079761858076802,0.924818160517315,-1.6094881226864324,-1.5564247481587343
TATAPOWER,,,,,0.32695551632217895,-0.2176347710895656,-2.2730382642323637,-0.6037125843320116
TATASTEEL,,,,,-0.3697127646386249,1.0261059732807194,-0.3331673653446173,-1.9673249292976573
TCS,,,,,-1.2288648854150934,1.0611604660429281,-0.3457092621601902,-1.8095748647109366
TECHM,,,,,-0.5364845166320098,0.4435484439901918,-0.32636992542338333,-1.3900221586653405
TITAN,,,,,-0.8160164345141412,0.27150536286221416,-0.3018818725667439,0.9393954968191043
TORNTPHARM,,,,,0.8957470894102217,-0.6768092282507014,-1.020773695016695,1.4548669712378768
TORNTPOWER,,,,,0.5842528472491173,-0.5905349642800013,2.519352312350757,0.10719302641906793
TRENT,,,,,3.2675320777905923,-2.5952973474810133,2.1952622938594164,2.8724099685302056
TVSMOTOR,,,,,0.4162858400605918,-0.17140648306196293,1.5562274917628895,2.6363948041023675
UBL,,,,,-2.410326290754704,1.0102105883943782,0.19747796107996268,0.3172616096514682
ULTRACEMCO,,,,,-0.22128322598893563,-0.17398273547133525,1.3701097779039508,0.5038838825703251
UPL,,,,,-0.1951595550501624,-0.3066136315202117,0.6966910296954745,-0.6900874384905905
VEDL,,,,,-0.7408828102012012,0.6101281557165433,-1.4959066478769878,-0.34556978942380684
VOLTAS,,,,,-0.09945904987779942,-0.7196628279227592,0.1324501771657379,-0.08085557821589254
WHIRLPOOL,,,,,0.12292950557906034,0.17527575258615907,1.0926173626487097,-0.09395904767149289
WIPRO,,,,,1.078136542330824,-0.5134050887579393,0.22015196244294943,-1.1471827343915069
ZEEL,,,,,-0.35692157155162685,-0.6858071654386033,0.4749956383553831,0.5113320483253786
ZYDUSLIFE,,,,,1.7011977808646377,0.5411393587620266,1.6167689222697796,1.7490557323271692
